ContactID,Contact,Job Title,Street,City,State or Province,Postal Code,Country,Latitude,Longitude,Phone,ContactSeq,AccountSeq,FirstName,LastName
95b19680-1946-4655-b19d-fa68cc4a491d,Jacqueline Penella,Pharmacist,87841 Sloan Way,Tucson,AZ,85715,United States,32.2519,-110.82,520-970-5533,1000,1047,Jacqueline,Penella
48985a27-bc10-4308-8cc0-18da73854fc4,Clo Brixey,Senior Editor,8 Coleman Point,Sioux Falls,SD,57198,United States,43.6746,-96.7913,605-344-1216,1001,1023,Clo,Brixey
8363f7b4-976d-4104-9848-acf10dde13f8,Yuma Arnaudi,Tax Accountant,95 Melvin Pass,Boise,ID,83711,United States,43.4599,-116.244,208-934-3938,1002,1056,Yuma,Arnaudi
fe2e4c46-bae4-49aa-a3ad-6488f7162948,Garfield Priel,Web Designer I,11620 Menomonie Court,Dayton,OH,45408,United States,39.7395,-84.229,937-390-4115,1003,1026,Garfield,Priel
1917c86d-0ec4-4d2e-b89c-754f0f67a4e0,Goldy Yoselevitch,Assistant Media Planner,626 Hauk Road,Carol Stream,IL,60158,United States,41.9166,-88.1208,309-830-8827,1004,1055,Goldy,Yoselevitch
809813f9-12db-42c9-80bf-64655459147b,Sidney Dowbekin,Environmental Specialist,3 Helena Center,Jackson,TN,38308,United States,35.6124,-88.8412,731-198-0089,1005,1065,Sidney,Dowbekin
2d283a50-ceae-4bc2-99fc-ac48ca31e57c,Starlene Ealles,Environmental Tech,73788 Farwell Point,Saint Louis,MO,63150,United States,38.6531,-90.2435,314-476-8028,1006,1019,Starlene,Ealles
1637da94-8b61-49d9-9169-b21964c8db1d,Daniela Leman,Data Coordiator,09155 Golf Street,Harrisburg,PA,17140,United States,40.3086,-76.8464,717-940-8580,1007,1043,Daniela,Leman
44c5c452-a10f-466c-ba3e-3c33750bf5b2,Gwynne Sulley,Nurse Practicioner,6 Oak Valley Alley,New York City,NY,10275,United States,40.7808,-73.9772,212-301-9813,1008,1125,Gwynne,Sulley
f7f36caf-ed74-402f-80d6-e9c42cde62f0,Jamaal Zisneros,Administrative Officer,29 Emmet Avenue,Baton Rouge,LA,70820,United States,30.3795,-91.1671,225-247-5919,1009,1085,Jamaal,Zisneros
deb0ea98-7248-4320-b0a0-5c2dff74abec,Hilton Lean,Nurse Practicioner,77717 Bellgrove Park,Sterling,VA,20167,United States,39.0853,-77.6452,571-469-2445,1010,1061,Hilton,Lean
533c3ad6-72bd-404b-82c9-faa44f295a21,Elianora Holdren,Assistant Media Planner,60 Northridge Pass,Gainesville,FL,32605,United States,29.6785,-82.3679,352-860-3364,1011,1123,Elianora,Holdren
c4be5c2c-8669-48bb-942c-8316c01b52ff,Adela Riolfi,Human Resources Assistant I,96 Stephen Place,Birmingham,AL,35220,United States,33.5446,-86.9292,205-944-3828,1012,1111,Adela,Riolfi
757a6e3c-55fd-42c2-952b-849c81d083f6,Davin Jarred,Sales Representative,9 Loeprich Crossing,Columbus,OH,43231,United States,40.081,-82.9383,614-290-7291,1013,1048,Davin,Jarred
029545ad-96fa-41c1-a464-5c84f34a9401,Annelise Bidgod,Sales Associate,8869 Larry Trail,Vancouver,WA,98664,United States,45.6231,-122.5767,360-234-5851,1014,1048,Annelise,Bidgod
8e7171a0-e8b3-44e3-bc95-e073c1bb681a,Mead Alyoshin,Financial Analyst,6 Sherman Pass,Savannah,GA,31422,United States,31.9714,-81.0716,912-878-2900,1015,1064,Mead,Alyoshin
f7ad46f5-84b7-4337-b209-dfb1c5d7d72c,Kitti Synder,Civil Engineer,966 Mendota Trail,Sioux Falls,SD,57105,United States,43.524,-96.7341,605-509-4848,1016,1124,Kitti,Synder
6ef64a7a-b867-4f0e-b13b-f335edaa904d,Lenee Lambotin,Pharmacist,4 Muir Circle,New York City,NY,10125,United States,40.7808,-73.9772,212-509-5271,1017,1034,Lenee,Lambotin
5af920c9-257a-4c78-90b1-0fc50e11cca6,Aimil Stovine,Occupational Therapist,07 Glacier Hill Court,Savannah,GA,31410,United States,32.0175,-80.997,912-246-1288,1018,1073,Aimil,Stovine
82459d32-fdb1-4d9f-a509-77a12e3b5f0f,Danell Chaikovski,Legal Assistant,72 Oneill Terrace,Jacksonville,FL,32236,United States,30.3449,-81.6831,904-929-8052,1019,1125,Danell,Chaikovski
2cd182d2-54d2-46e0-a789-00b0eecc48a7,Prudy Redmile,Account Coordinator,84 Blackbird Hill,Lexington,KY,40546,United States,38.0283,-84.4715,859-656-9139,1020,1092,Prudy,Redmile
98e17224-c72f-449d-bb61-d1b3be1eaa86,Aldo Line,Research Associate,7415 Briar Crest Junction,Pasadena,CA,91186,United States,33.7866,-118.2987,626-180-1605,1021,1054,Aldo,Line
948e6c2c-89bf-45bb-8ab3-266ca7c7c54d,Xerxes Abramcik,Programmer Analyst III,7879 Glendale Crossing,San Francisco,CA,94159,United States,37.7848,-122.7278,415-430-9262,1022,1088,Xerxes,Abramcik
8dfb8a10-703d-49b7-9339-6091b97dfd83,Lizzie Milbourne,Electrical Engineer,1 Shasta Lane,Billings,MT,59105,United States,45.9497,-108.599,406-753-5071,1023,1099,Lizzie,Milbourne
f672eca3-54df-43b2-97d2-fe9366adf255,Valentin Colby,Physical Therapy Assistant,683 Ronald Regan Trail,Carlsbad,CA,92013,United States,33.0169,-116.846,760-356-7981,1024,1123,Valentin,Colby
70518c0d-0b4a-4191-9d0b-000cddc34726,Ariella Spilsted,VP Accounting,1 Knutson Crossing,Santa Fe,NM,87505,United States,35.6219,-105.8688,505-531-2880,1025,1047,Ariella,Spilsted
14969c66-206b-4966-a28d-22fdd5ea471d,Filberto Eyers,Professor,5 Katie Place,Boca Raton,FL,33499,United States,26.6459,-80.4303,561-833-3686,1026,1071,Filberto,Eyers
b003cd12-7320-4615-94af-2d4666c00471,Odilia Halvosen,Senior Quality Engineer,112 Morrow Trail,Sacramento,CA,94245,United States,38.3774,-121.4444,916-257-0048,1027,1118,Odilia,Halvosen
59584717-efba-461b-936c-9ba2109655d8,Mickie Minister,Food Chemist,00931 Blaine Point,Tampa,FL,33620,United States,28.06,-82.4079,813-786-8053,1028,1101,Mickie,Minister
37ef509f-0d7f-4d45-b5a3-fe01810a5590,Paolina Duke,Assistant Media Planner,361 Mcbride Drive,Jamaica,NY,11499,United States,40.6514,-73.8708,212-860-7060,1029,1042,Paolina,Duke
4b3feff8-09dc-4766-96a3-863255c58d75,Nicolais Pusey,Compensation Analyst,28 Hanover Pass,New York City,NY,10009,United States,40.7262,-73.9796,917-129-9903,1030,1127,Nicolais,Pusey
e9b83904-a93e-42d0-b0ec-1548df3bcca3,Gilberta Srutton,Senior Quality Engineer,1163 Miller Alley,Oakland,CA,94627,United States,37.6802,-121.9215,510-923-5088,1031,1058,Gilberta,Srutton
1f8cfca0-c945-4c24-850b-5cbdde218c52,Tate Leuchars,Account Coordinator,4217 Red Cloud Trail,Akron,OH,44315,United States,41.028,-81.4632,330-825-9345,1032,1076,Tate,Leuchars
53446c8a-622e-46e3-bdf7-e8a534e29d20,Hayward Lightbourne,Tax Accountant,9590 Loomis Place,Bronx,NY,10469,United States,40.8702,-73.8495,718-617-6650,1033,1088,Hayward,Lightbourne
ec3152c3-5c75-44e7-b650-f49172b2c618,Nelia Alberti,Business Systems Development Analyst,79 Jenna Plaza,Fargo,ND,58122,United States,46.9346,-97.2297,701-411-4775,1034,1107,Nelia,Alberti
6c348af2-ce5f-425c-8207-bbdf3aac2a2c,Natividad Aiton,Financial Analyst,36 Westport Street,Amarillo,TX,79105,United States,35.4015,-101.8951,806-106-8322,1035,1047,Natividad,Aiton
f3186121-cf15-4d07-a7d6-1fc222fc3cdb,Ronalda Harbar,Business Systems Development Analyst,17 Dawn Street,Dayton,OH,45440,United States,39.6749,-84.1136,937-944-9980,1036,1102,Ronalda,Harbar
c513e319-5b20-4eb4-b3de-7eb21b0b6e3c,Korry Bims,Analyst Programmer,12716 Bultman Park,Minneapolis,MN,55412,United States,45.0242,-93.302,651-439-0997,1037,1027,Korry,Bims
fbd77648-0978-420d-b7f1-557bb0ddb05a,Ariel Bote,Recruiting Manager,41559 Katie Trail,San Francisco,CA,94177,United States,37.7848,-122.7278,415-608-8127,1038,1015,Ariel,Bote
addf89c1-19fa-4044-a5d3-f4fb2a1e5ac0,Vergil Broy,Social Worker,22145 Oxford Hill,Charlotte,NC,28230,United States,35.26,-80.8042,704-666-2414,1039,1016,Vergil,Broy
e8b7e756-07b4-44b2-b0fe-625a90591b0f,Robby Macquire,VP Quality Control,1 Independence Terrace,Pensacola,FL,32575,United States,30.6143,-87.2758,850-247-0326,1040,1124,Robby,Macquire
f8faeddf-a968-4167-893e-07247a4a2a1d,Shirley Kayne,Marketing Manager,86269 Moland Road,Metairie,LA,70005,United States,30.0005,-90.1331,504-845-7799,1041,1126,Shirley,Kayne
6fdfc3e1-22c3-47fe-b802-e9f18c7f2575,Hunter Klehyn,Geologist III,8 Lukken Drive,Houston,TX,77045,United States,29.6297,-95.4382,713-935-8348,1042,1094,Hunter,Klehyn
c1fa1319-3d05-404a-b25d-018af013e4b8,Dana Khomishin,Senior Financial Analyst,25646 Butterfield Junction,San Bernardino,CA,92415,United States,34.84,-115.9671,909-741-0462,1043,1018,Dana,Khomishin
c918dd74-48c0-4ff3-9995-f622952be0f1,Forrest Ebbett,Actuary,4 Golf Pass,Bonita Springs,FL,34135,United States,26.3771,-81.7334,941-949-1376,1044,1086,Forrest,Ebbett
0b3aca4a-94be-4953-a0a8-e6fc1005aeb8,Heidie Sannes,Human Resources Manager,8999 Pearson Road,Sacramento,CA,94273,United States,38.3774,-121.4444,916-924-4089,1045,1104,Heidie,Sannes
2f8eaba4-fea5-4dd1-a1e6-60c7d9edc188,Marta Goley,Geological Engineer,68 Roxbury Street,Jersey City,NJ,7305,United States,40.702,-74.089,201-515-2498,1046,1100,Marta,Goley
e63f5082-f1aa-4dcf-9a2f-52a4562dcced,Nixie Allder,Account Representative IV,364 Warner Road,Fresno,CA,93704,United States,36.7991,-119.8016,559-488-1946,1047,1001,Nixie,Allder
c07e40af-3d22-43cb-88ba-21477972b948,Tomas Tookill,Technical Writer,24 Namekagon Avenue,Philadelphia,PA,19184,United States,40.0018,-75.1179,215-150-8761,1048,1111,Tomas,Tookill
3e09acfb-853f-4826-ba7c-b975380803a3,Hubie Jambrozek,Community Outreach Specialist,88 Westridge Circle,Chicago,IL,60686,United States,41.8756,-87.6378,312-927-2414,1049,1122,Hubie,Jambrozek
76a5c666-6e0a-4935-8c8b-090ebbdb066c,Britta Paddefield,Chief Design Engineer,8882 Kings Crossing,New York City,NY,10155,United States,40.7611,-73.968,917-180-5283,1050,1062,Britta,Paddefield
d7ade4bd-fd6a-4f7b-9c3e-85d986c57a32,Lois Chellenham,Environmental Tech,6121 Springs Court,Louisville,KY,40256,United States,38.189,-85.6768,502-599-5739,1051,1131,Lois,Chellenham
1a9a7ab2-8a72-4450-8a6c-a3d1f7a58de0,Trish Gradley,Account Representative III,2503 Northport Alley,Sioux City,IA,51105,United States,42.5032,-96.3829,712-145-5324,1052,1023,Trish,Gradley
0032738c-7ea4-4fef-a33a-fd023ec02883,Carroll Poluzzi,Information Systems Manager,12299 Kropf Park,Carol Stream,IL,60351,United States,41.9166,-88.1208,309-608-8346,1053,1068,Carroll,Poluzzi
18e85e63-8de3-4fef-ab3f-f0ac91fdb14f,Pepita Knevett,Technical Writer,6 Knutson Terrace,El Paso,TX,88541,United States,31.6948,-106.3,915-492-3553,1054,1144,Pepita,Knevett
540b22cb-7238-4e22-8ed7-a9058b620de9,Teriann Renad,Computer Systems Analyst IV,5433 Surrey Avenue,Saint Louis,MO,63121,United States,38.7072,-90.3055,314-208-1796,1055,1076,Teriann,Renad
edf67e74-46c0-4a4b-815c-793fa11f3ad4,Jocelyn Dragon,VP Accounting,741 Sachtjen Alley,Washington,DC,20551,United States,38.892,-77.0452,202-104-8622,1056,1002,Jocelyn,Dragon
836aa9bc-c50a-4519-a136-555ad12d8c95,Flossie Wardlaw,Programmer III,92 Valley Edge Street,Washington,DC,20535,United States,38.8941,-77.0251,202-923-1666,1057,1039,Flossie,Wardlaw
54377118-a20c-432e-b588-16b0e88bb47b,Kimberly Dietzler,Structural Engineer,592 Riverside Center,Santa Cruz,CA,95064,United States,36.9959,-122.0578,831-328-9203,1058,1052,Kimberly,Dietzler
a1d62000-0207-439d-b3a0-5c6a47feb05c,Nichols Flaonier,Web Developer II,15 Evergreen Street,Jamaica,NY,11407,United States,40.6913,-73.8059,516-135-3161,1059,1128,Nichols,Flaonier
d766bdb9-29a2-4cff-a425-d0396b0ca1bf,Keri Carr,Computer Systems Analyst I,9 Gulseth Hill,Cincinnati,OH,45296,United States,39.1668,-84.5382,513-528-0584,1060,1112,Keri,Carr
e67a34c7-9be9-4531-8157-87e3d7ae922d,Yorker Vala,Human Resources Assistant IV,39 Troy Plaza,Cincinnati,OH,45208,United States,39.1361,-84.4355,513-945-9790,1061,1126,Yorker,Vala
3a358b66-19e7-4087-99da-9ac547c98ec3,Rhonda Prier,Human Resources Assistant IV,16 Main Plaza,Erie,PA,16534,United States,42.1827,-80.0649,814-607-4143,1062,1114,Rhonda,Prier
9cebc77d-f32c-48f1-a16a-833f85291fba,Arch Radloff,Account Representative I,91 Independence Point,Boston,MA,2119,United States,42.3231,-71.0846,978-969-5843,1063,1115,Arch,Radloff
02284f8b-83d5-4783-80db-fa2a78464e22,Esmeralda Thomassin,Budget/Accounting Analyst III,9 Havey Point,Albany,NY,12242,United States,42.6149,-73.9708,518-757-9108,1064,1148,Esmeralda,Thomassin
a948d256-fc2d-471d-92ab-d64d43f4f09e,Tedie Gianuzzi,Web Developer II,1 5th Pass,Kansas City,MO,64187,United States,39.035,-94.3567,816-493-1611,1065,1041,Tedie,Gianuzzi
f67f6a9a-f2fc-4008-9f31-5662fdcac700,Thorn Quirk,Nurse Practicioner,816 Rieder Crossing,Philadelphia,PA,19136,United States,40.0422,-75.0244,215-974-3032,1066,1026,Thorn,Quirk
c6883daa-6639-4e70-80c1-3bfbea575323,Levon Craighill,Account Representative II,7 Schiller Place,South Bend,IN,46699,United States,41.5968,-86.293,574-984-9388,1067,1093,Levon,Craighill
f6fae171-c65a-479f-bb79-079e02a94e7e,Daphne Callis,Biostatistician II,07338 Vera Park,Tampa,FL,33615,United States,28.0081,-82.5805,813-782-6788,1068,1129,Daphne,Callis
b5c31f18-816c-4a12-b734-dd65c0ab2d28,Gerry McAllen,Social Worker,016 Bunting Hill,Salt Lake City,UT,84135,United States,40.6681,-111.9083,801-124-1169,1069,1135,Gerry,McAllen
dfa988c5-26e0-4755-a41a-4043be495d23,Fredericka Werny,Programmer I,76 Sullivan Point,Lincoln,NE,68531,United States,40.9008,-96.7201,402-252-5130,1070,1052,Fredericka,Werny
12bbd485-bd55-4afe-bf81-4ac72a057292,Willard Elsegood,Recruiter,6423 South Drive,Burbank,CA,91505,United States,34.169,-118.3442,626-355-5972,1071,1138,Willard,Elsegood
191cf7cd-2399-4dbd-9208-5b935ac5dded,Bordie Fahy,Community Outreach Specialist,55257 Marquette Crossing,Berkeley,CA,94712,United States,37.6802,-121.9215,510-710-8342,1072,1082,Bordie,Fahy
0160de00-0176-47dc-b347-2c3487d4d634,Dollie Duker,Desktop Support Technician,1 Mockingbird Hill,Sarasota,FL,34276,United States,27.1675,-82.381,941-100-7054,1073,1030,Dollie,Duker
097a6da3-1ca3-4e7f-a259-10ae6539da16,Orly Maypes,Administrative Assistant II,253 Union Court,Austin,TX,78764,United States,30.4455,-97.6595,512-892-0084,1074,1122,Orly,Maypes
85384df3-fd87-4c24-ac42-687c4fb42997,Corny Prodrick,Environmental Specialist,9005 David Street,Sacramento,CA,94237,United States,38.3774,-121.4444,916-857-2995,1075,1023,Corny,Prodrick
96396f10-0766-4b95-b6c1-55d68f29fdae,Avie Greetland,Food Chemist,71 Butterfield Point,Huntington,WV,25775,United States,38.4134,-82.2774,304-778-0102,1076,1131,Avie,Greetland
cad7e483-8b0f-4203-a372-85b3e81787bb,Emyle Pendered,Health Coach II,64186 Norway Maple Center,Shreveport,LA,71115,United States,32.3401,-93.6092,318-262-5084,1077,1133,Emyle,Pendered
3c96027f-a77b-44fb-8e02-87bf69b16368,Betsy Hogben,Recruiter,3796 2nd Avenue,Independence,MO,64054,United States,39.11,-94.4401,816-148-2910,1078,1091,Betsy,Hogben
3ce2b7b6-36ff-4ab6-8f82-6f5e9a76f1eb,Carrie Eykelbosch,Senior Developer,1 Ridgeview Alley,New Orleans,LA,70116,United States,29.9686,-90.0646,504-981-3202,1079,1025,Carrie,Eykelbosch
61f1b404-d67d-4c3a-8142-dab672c18f99,Nico Shefton,Project Manager,323 Del Mar Circle,Lansing,MI,48912,United States,42.7371,-84.5244,517-472-1604,1080,1051,Nico,Shefton
075fe2ef-bff4-419b-9e66-7ef6fa5a1b48,Harmon Kezor,Legal Assistant,92 Harper Park,Carlsbad,CA,92013,United States,33.0169,-116.846,760-289-4356,1081,1071,Harmon,Kezor
df154e83-1333-4d4a-b5ef-14cea9e8c721,Heddi Le Port,Geologist III,4 Heath Crossing,Meridian,MS,39305,United States,32.4401,-88.6783,601-327-5891,1082,1141,Heddi,Le
95353ee5-4839-4c27-8c84-ee4ae8672887,Vittorio Gittens,Graphic Designer,44872 Carioca Alley,Philadelphia,PA,19093,United States,40.0018,-75.1179,215-546-9012,1083,1100,Vittorio,Gittens
9dbec8e6-9c09-4a2f-8927-59f6d781d2e6,Stanwood Benford,Marketing Assistant,024 Spohn Hill,Terre Haute,IN,47812,United States,39.4336,-87.4101,812-858-3819,1084,1117,Stanwood,Benford
218eb62b-8275-4494-84d3-952524ede553,Leia Patmore,Electrical Engineer,8777 Caliangt Lane,Erie,PA,16505,United States,42.1109,-80.1534,814-196-6026,1085,1072,Leia,Patmore
a34a66b7-d80c-4267-bbc2-6bb7178cac53,Vaclav Bythell,Structural Engineer,5765 8th Park,Minneapolis,MN,55423,United States,44.8756,-93.2553,218-322-4589,1086,1080,Vaclav,Bythell
a5a26d81-4d95-4602-b613-0fe431828bca,Frederique Gheorghescu,Office Assistant I,8185 Hintze Way,Des Moines,IA,50369,United States,41.6727,-93.5722,515-974-8139,1087,1100,Frederique,Gheorghescu
d67aeae4-99a2-4140-9a43-9a2ca94a9d3a,Brett Lakenton,Accounting Assistant III,68285 Rusk Terrace,Austin,TX,78769,United States,30.3264,-97.7713,512-335-3763,1088,1124,Brett,Lakenton
178b2e1e-5d0e-4c00-ac7b-478dfd5f6247,Lev Heinz,Systems Administrator I,0 Bartelt Park,Oxnard,CA,93034,United States,34.0324,-119.1343,805-728-3756,1089,1112,Lev,Heinz
a92e8e35-bea2-46d0-8621-d7ab3ef1f9a2,Stern Reavey,Software Consultant,0 Hayes Alley,Knoxville,TN,37931,United States,35.9924,-84.1201,865-147-5456,1090,1059,Stern,Reavey
64435612-e35a-4b95-9368-020c12525844,Lamar Luc,Mechanical Systems Engineer,06 Gale Road,Detroit,MI,48211,United States,42.3809,-83.0409,734-881-8448,1091,1108,Lamar,Luc
af2b227d-93d5-498f-8134-681987500f3a,Tommi Varley,Senior Quality Engineer,774 Johnson Hill,Portland,OR,97211,United States,45.5653,-122.6448,503-162-6061,1092,1091,Tommi,Varley
8f1ab35e-b1f3-445b-b9c3-9a7ed2ec818f,Jaimie Formby,Speech Pathologist,37 Aberg Crossing,Brooksville,FL,34605,United States,28.5059,-82.4226,352-696-1200,1093,1130,Jaimie,Formby
05863235-9726-4050-b67e-0e8c1556f385,Griz Kybert,Professor,59 Jana Place,Toledo,OH,43699,United States,41.6538,-83.6589,419-886-2654,1094,1126,Griz,Kybert
47bc059f-7b88-4b91-a884-f4ab6ca9ab02,Belle Lamborne,Clinical Specialist,474 Gateway Point,Colorado Springs,CO,80935,United States,38.8247,-104.562,719-769-9595,1095,1073,Belle,Lamborne
c35b113d-280a-4289-8382-0a7c85cca343,Pauletta McGettigan,Teacher,789 Huxley Court,Phoenix,AZ,85067,United States,33.2765,-112.1872,602-762-4462,1096,1000,Pauletta,McGettigan
78df3907-23aa-438c-aa2a-7ecbf37bbf09,Stevy Wymer,Operator,2534 Laurel Hill,San Diego,CA,92165,United States,33.0169,-116.846,619-258-7169,1097,1126,Stevy,Wymer
1ebaeb76-5d95-4e11-aa49-219178a3c153,Radcliffe Woodford,VP Marketing,32663 Dapin Street,South Bend,IN,46634,United States,41.5968,-86.293,574-334-2127,1098,1109,Radcliffe,Woodford
30a7ddc6-1c83-4f04-9097-636b901a65c0,Ronna McShane,Account Executive,6416 Myrtle Drive,Chesapeake,VA,23324,United States,36.8056,-76.2666,757-759-7025,1099,1126,Ronna,McShane
0ebc0925-e446-4c4b-8aa5-3dfdd102bd55,Arlee Kennewell,Budget/Accounting Analyst III,06604 Corry Drive,Toledo,OH,43615,United States,41.6492,-83.6706,419-781-0929,1100,1041,Arlee,Kennewell
09be8d93-bcd5-46fa-a4b5-e2274d4e5e3c,Kathleen Yeskov,Senior Sales Associate,4032 Westport Plaza,Warren,MI,48092,United States,42.5125,-83.0643,586-694-1272,1101,1102,Kathleen,Yeskov
0b744f3c-9bf5-4204-b41c-c3cce55e2084,Virgil Elsmore,Administrative Assistant I,125 Warbler Circle,Lake Charles,LA,70616,United States,30.2642,-93.3265,337-179-7068,1102,1148,Virgil,Elsmore
680fa4ae-cca9-46d8-bad6-540e4784922f,Ernestine Attewill,Teacher,8 Lunder Circle,Saint Louis,MO,63136,United States,38.7196,-90.27,314-463-0855,1103,1024,Ernestine,Attewill
57018685-d5a0-4bf2-885e-5819a891dd56,Albertina Whyman,Occupational Therapist,964 Northview Drive,Littleton,CO,80127,United States,39.592,-105.1328,303-606-2265,1104,1037,Albertina,Whyman
40cd81ac-ba67-4f16-8c9f-80b925517695,Eliot Livingstone,Human Resources Assistant IV,2 Emmet Alley,Houston,TX,77085,United States,29.6218,-95.4819,281-289-9054,1105,1023,Eliot,Livingstone
b260300a-522e-4105-a901-3a4c87fb13c7,Robers Tillman,Cost Accountant,55 Kim Court,San Antonio,TX,78255,United States,29.6701,-98.6873,830-576-1745,1106,1007,Robers,Tillman
210b6ddd-7ed0-49df-be3b-af59bb9cde32,Florencia Boyington,Electrical Engineer,3 Northview Parkway,Hamilton,OH,45020,United States,39.441,-84.5757,937-652-6362,1107,1091,Florencia,Boyington
a98d84d8-18c7-42d4-a031-4425ea20a5b4,Violette Birtwistle,Librarian,922 Springs Place,Bakersfield,CA,93386,United States,35.2944,-118.9052,661-899-1012,1108,1002,Violette,Birtwistle
ae68f223-8dfb-468b-99e0-a4e2419471e3,Jasmin Stokey,GIS Technical Architect,3 Gale Court,Jacksonville,FL,32236,United States,30.3449,-81.6831,904-924-9475,1109,1136,Jasmin,Stokey
9c054bb1-c6f3-4b64-aa9d-760c76a6e0cb,Skippy Losano,GIS Technical Architect,199 Monica Drive,Montgomery,AL,36119,United States,32.2334,-86.2085,334-119-5928,1110,1039,Skippy,Losano
c5d23940-0e16-4772-be50-913d3bed0812,Morlee Renon,Research Nurse,1448 Ridgeway Plaza,Spring,TX,77386,United States,30.1288,-95.4239,281-350-9233,1111,1126,Morlee,Renon
c2dc63e8-38c9-4bcc-978a-1724c0a4f939,Joete Downe,Software Test Engineer II,0248 Dunning Plaza,San Jose,CA,95155,United States,37.31,-121.9011,408-211-0281,1112,1122,Joete,Downe
259ff56b-776c-44a3-bd0a-5e1af0458e72,Ricoriki Ishak,Research Associate,726 Pearson Alley,Irvine,CA,92619,United States,33.6706,-117.7645,949-396-3554,1113,1125,Ricoriki,Ishak
e17d1b6d-a1e5-46a9-b783-c2a29f4f45f3,Travis Chifney,Staff Scientist,71 Kropf Junction,Minneapolis,MN,55480,United States,45.0159,-93.4719,612-828-8452,1114,1138,Travis,Chifney
5f21d1f6-40ca-4174-baa2-9e0320917e5b,Corrie Brookwell,Actuary,9193 Almo Court,Dallas,TX,75379,United States,32.7673,-96.7776,214-570-1612,1115,1022,Corrie,Brookwell
0062632f-c0f4-4e89-bc16-9af5565a7fc8,Clarance Peart,Graphic Designer,67561 Glacier Hill Drive,Brooklyn,NY,11231,United States,40.6794,-74.0014,212-188-7955,1116,1050,Clarance,Peart
18c859e9-46d6-402c-9288-43ce0aab4734,Andre Revett,Research Assistant I,89 Hermina Way,Los Angeles,CA,90071,United States,34.0529,-118.2549,626-683-4711,1117,1075,Andre,Revett
49479814-7114-4556-b92a-ffa6581b926e,Weider Eliaz,Assistant Manager,9930 Eagle Crest Junction,Pompano Beach,FL,33064,United States,26.2785,-80.1157,305-618-0415,1118,1092,Weider,Eliaz
25d41ec3-9014-4778-a137-9c80a0705d3a,Malissia Bigmore,Health Coach III,2947 Wayridge Terrace,Greensboro,NC,27404,United States,36.0807,-80.0244,336-393-2359,1119,1098,Malissia,Bigmore
4f7e5423-c730-4af0-89a2-e134b7a4a56f,Leroi Wozencraft,Structural Analysis Engineer,616 Gina Plaza,Detroit,MI,48211,United States,42.3809,-83.0409,734-661-8514,1120,1141,Leroi,Wozencraft
75e73c2b-8263-4869-a644-c17520aa2467,Gayla Maytom,Statistician II,41 Anzinger Park,San Antonio,TX,78291,United States,29.4375,-98.4616,210-749-1482,1121,1024,Gayla,Maytom
f7404ff0-53b3-41b1-a64e-0e6c8e12b264,Blanca Mordaunt,Chief Design Engineer,654 Clove Terrace,Memphis,TN,38104,United States,35.1334,-90.0046,615-879-8741,1122,1124,Blanca,Mordaunt
cf6fccfe-3795-4bce-9310-27f7f621131d,Cecilla Petrowsky,Marketing Manager,289 Manitowish Circle,Providence,RI,2905,United States,41.7845,-71.3959,401-637-9673,1123,1101,Cecilla,Petrowsky
d337a699-5666-46c6-aaf9-5bc28d0d4db6,Caritta Minget,Junior Executive,54 Division Hill,Oklahoma City,OK,73104,United States,35.4794,-97.5017,405-756-5538,1124,1087,Caritta,Minget
3cb2594f-22d2-45d9-9cda-b85b0d2956c1,Tabbie Bullan,Systems Administrator II,451 Katie Road,Orlando,FL,32835,United States,28.5289,-81.4787,407-673-3420,1125,1034,Tabbie,Bullan
478343dd-a8ef-4889-b3ef-e1b3e0103b63,Caren Ronaldson,Accounting Assistant II,81 Hovde Plaza,Toledo,OH,43605,United States,41.6525,-83.5085,419-569-0215,1126,1002,Caren,Ronaldson
eb66a142-897b-445d-9d4b-2aedf643f8d8,Kevin Meldrum,Compensation Analyst,930 Summerview Avenue,Colorado Springs,CO,80935,United States,38.8247,-104.562,719-977-3252,1127,1014,Kevin,Meldrum
90b9c93b-5843-42ff-af03-68eafc9e7588,Sybilla Fuzzens,Nuclear Power Engineer,9 Towne Court,Washington,DC,20041,United States,38.8933,-77.0146,703-186-6626,1128,1135,Sybilla,Fuzzens
f0cccc1f-a95d-4c88-83c2-3c44293c2431,Rodrigo Wiper,Executive Secretary,28 Ridge Oak Lane,Long Beach,CA,90847,United States,33.7866,-118.2987,562-491-0523,1129,1091,Rodrigo,Wiper
22e01790-35f5-4cd0-bb56-6dde36c33ac4,Wilden Demonge,Civil Engineer,2 Fordem Street,Nashville,TN,37210,United States,36.1379,-86.741,615-902-3360,1130,1050,Wilden,Demonge
6ad3169d-8c7d-46fb-925b-e1b6a1202f28,Roscoe Simonato,Director of Sales,237 Declaration Road,Birmingham,AL,35231,United States,33.5446,-86.9292,205-532-0220,1131,1084,Roscoe,Simonato
4d49e37c-dc48-4ec0-ac27-38c3300a6510,Archy Twiggins,Research Associate,9084 Farwell Junction,Harrisburg,PA,17126,United States,40.2618,-76.88,717-919-6417,1132,1113,Archy,Twiggins
7b04621b-74ae-4f4e-8270-be8d1911f9f0,Diana Ioselevich,Senior Sales Associate,0 Elka Point,Portland,OR,97211,United States,45.5653,-122.6448,503-189-3949,1133,1046,Diana,Ioselevich
b15f9f3d-18b3-4c88-a711-9eb8c917542c,Michal Dilgarno,Software Consultant,194 Manufacturers Circle,Tyler,TX,75705,United States,32.3766,-95.1252,903-234-9509,1134,1125,Michal,Dilgarno
19e1880e-2227-47d1-8422-314166d919cb,Emmalyn Leftwich,Health Coach IV,19867 Burrows Crossing,Richmond,VA,23228,United States,37.625,-77.4959,804-811-5935,1135,1131,Emmalyn,Leftwich
ef213770-cd15-4c97-b351-33ae80c96212,Hulda Langforth,Biostatistician IV,71 Surrey Avenue,Glendale,AZ,85305,United States,33.5291,-112.2482,602-807-3976,1136,1050,Hulda,Langforth
cbbba6cd-7fcf-4689-aa5d-d3ab1b8bb40a,Jeremie Rennolds,Recruiter,56 Thackeray Street,Houston,TX,77218,United States,29.834,-95.4342,713-811-2353,1137,1020,Jeremie,Rennolds
35f2373e-f8db-4755-8408-e5617404ecdf,Ham Hewes,Teacher,50 Monterey Hill,West Hartford,CT,6127,United States,41.7918,-72.7188,860-287-5585,1138,1042,Ham,Hewes
800161db-cff2-4f2c-b8e4-9aec38878612,Olympia Milsap,Database Administrator I,9263 Stoughton Avenue,Allentown,PA,18105,United States,40.6934,-75.4712,610-791-3861,1139,1147,Olympia,Milsap
1c5df0dc-e89b-486e-bd64-ea43de4879e9,Saraann McMinn,Systems Administrator IV,221 Novick Trail,New York City,NY,10115,United States,40.8111,-73.9642,212-190-0430,1140,1040,Saraann,McMinn
a5122c71-1057-4269-8889-e3dfe0e96d9c,Janelle Ashelford,Account Coordinator,1911 Red Cloud Drive,Wichita Falls,TX,76310,United States,33.8581,-98.5755,940-537-7340,1141,1041,Janelle,Ashelford
5b09b451-fd7a-43e1-9965-2abc66d270e4,Godart Overel,Help Desk Operator,9232 Delladonna Crossing,Riverside,CA,92505,United States,33.9228,-117.4867,909-397-1389,1142,1127,Godart,Overel
68961e32-51d1-4978-876f-db1585f15551,Dolley Lait,Editor,8 Old Shore Park,Pittsburgh,PA,15215,United States,40.5048,-79.9138,412-219-4158,1143,1021,Dolley,Lait
78ca670a-22a3-44a2-b800-0e5a5b964815,Leia Guidone,Staff Accountant I,01328 Aberg Circle,Orlando,FL,32813,United States,28.5679,-81.3258,407-420-7993,1144,1104,Leia,Guidone
753e31d3-5789-4a2e-a9a5-3065e6daebe0,Pierre Jeannequin,Editor,4076 Gale Alley,San Antonio,TX,78205,United States,29.4237,-98.4925,210-536-8612,1145,1056,Pierre,Jeannequin
176dfac6-c6d7-4e71-9dfa-328ee26427b4,Gunther Edinborough,Data Coordiator,4 Petterle Way,Hialeah,FL,33018,United States,25.9098,-80.3889,305-895-4394,1146,1135,Gunther,Edinborough
7c72adaa-99be-4adc-b6d7-d2f60818785e,Jaimie Sleicht,Cost Accountant,61788 Summerview Pass,Birmingham,AL,35225,United States,33.5446,-86.9292,205-137-7407,1147,1031,Jaimie,Sleicht
faa2a183-451a-464a-9d79-8f7419418c18,Cecil Glander,Senior Quality Engineer,00509 4th Circle,Fairfax,VA,22036,United States,38.7351,-77.0796,571-344-2103,1148,1058,Cecil,Glander
1bab467a-691a-42b3-a1ca-70f946992aae,Pat Akroyd,Software Consultant,485 Saint Paul Pass,Dallas,TX,75358,United States,32.7942,-96.7652,214-662-3584,1149,1128,Pat,Akroyd
246f217c-0e75-48c6-8687-3abcf51c8bff,Renado Seamen,VP Quality Control,85 Randy Drive,New York City,NY,10039,United States,40.8265,-73.9383,212-949-8279,1150,1088,Renado,Seamen
cb8c64f3-5dd2-429c-b76b-0c932f7b670a,Brittaney Screaton,Occupational Therapist,22944 Thompson Center,Memphis,TN,38181,United States,35.2017,-89.9715,901-726-4258,1151,1118,Brittaney,Screaton
d89b9e7e-c6cb-4f59-b3cf-a6e1973a6ac6,Janos Bowlesworth,Legal Assistant,9410 Dryden Pass,Lubbock,TX,79415,United States,33.6021,-101.876,806-316-5163,1152,1074,Janos,Bowlesworth
50e0ea0c-47eb-4773-8fae-577ee3a66935,Jerald Gaveltone,Nurse,5935 Grover Alley,Washington,DC,20591,United States,38.8933,-77.0146,202-862-0225,1153,1115,Jerald,Gaveltone
2cbb788f-d773-4017-ad3d-9694954251cd,Mendie Botcherby,Accounting Assistant I,862 Linden Hill,Denver,CO,80204,United States,39.734,-105.0259,720-352-4330,1154,1072,Mendie,Botcherby
cefba1f7-5845-403c-a6e2-ae0133a646e9,Renault Gobell,Human Resources Assistant II,4 Ruskin Road,El Paso,TX,88589,United States,31.6948,-106.3,915-221-1338,1155,1135,Renault,Gobell
c914e1b2-ffeb-40a3-9742-bf2d71a7c0f6,Angie Butten,Paralegal,68101 Namekagon Way,Houston,TX,77201,United States,29.834,-95.4342,832-921-5577,1156,1046,Angie,Butten
e3a89101-3599-44f2-83fe-faae66f62c98,Merry Buffy,General Manager,273 Veith Street,Lexington,KY,40505,United States,38.0612,-84.4583,859-739-6544,1157,1080,Merry,Buffy
6bb681a5-8e61-4cbf-afe9-c34ecef62a06,Freeman Stoffler,Civil Engineer,74 Garrison Avenue,El Paso,TX,79945,United States,31.6948,-106.3,915-507-5823,1158,1010,Freeman,Stoffler
b7e53874-9ec7-4483-8e84-9551d006019e,Jacquette Stilwell,Legal Assistant,6 John Wall Plaza,Albuquerque,NM,87201,United States,35.0443,-106.6729,505-420-4336,1159,1147,Jacquette,Stilwell
b97f5f74-f434-4b02-aa71-8f0861c9dd2c,Alphard Pascho,Programmer II,8 Jay Drive,Roanoke,VA,24004,United States,37.2742,-79.9579,540-921-3166,1160,1108,Alphard,Pascho
a7ecedf6-3fa5-4179-ba29-f757cb0ef6f2,Lesley Niche,Payment Adjustment Coordinator,32 Stephen Way,Tacoma,WA,98405,United States,47.2484,-122.4644,253-883-9126,1161,1111,Lesley,Niche
08cffaf4-0e05-456e-a02c-7018c5fc4b74,Lorrie McSkeagan,Technical Writer,748 Canary Plaza,Newport Beach,CA,92662,United States,33.6062,-117.8931,714-717-9913,1162,1053,Lorrie,McSkeagan
46df8a74-2c66-4891-ad19-faf8da6c0874,Belinda Adrianello,Recruiter,0 Kipling Circle,Santa Monica,CA,90410,United States,33.7866,-118.2987,310-294-1441,1163,1099,Belinda,Adrianello
67bba832-c0a1-4140-a852-f0aadd13bac1,Ailis Woollons,Engineer I,55424 Hollow Ridge Parkway,Bronx,NY,10464,United States,40.8469,-73.7874,917-695-5109,1164,1125,Ailis,Woollons
b4d5aab5-1ca9-4ef1-81b8-8fc532f73c20,Dirk O'Dyvoie,Senior Developer,92 Bartelt Terrace,Canton,OH,44710,United States,40.7911,-81.4169,330-286-4105,1165,1032,Dirk,O'Dyvoie
e6e87780-a867-4eb2-a2b0-076380964dbb,Helenelizabeth O'Lenane,Marketing Assistant,70534 Doe Crossing Road,Erie,PA,16505,United States,42.1109,-80.1534,814-944-7141,1166,1013,Helenelizabeth,O'Lenane
aa8c209b-73d3-4b79-8eed-5951aaa3ee44,Adriano Toone,Teacher,887 Mcguire Trail,Springfield,MO,65805,United States,37.2581,-93.3437,417-125-8000,1167,1041,Adriano,Toone
2a983401-ae3d-4089-8a86-630c04829e3d,Ossie MacMoyer,Accounting Assistant IV,9 Thackeray Way,Columbia,SC,29215,United States,34.006,-80.9708,803-266-0105,1168,1045,Ossie,MacMoyer
3f1ac674-d3ab-4a81-bb34-ec360f28e326,Fonz Dyball,Geological Engineer,4 Randy Park,Anchorage,AK,99522,United States,61.1089,-149.4403,907-347-6504,1169,1131,Fonz,Dyball
3235de12-a22e-4bd7-940d-4268f99a5625,Helga Gilchrest,Office Assistant I,80 Summerview Street,Omaha,NE,68197,United States,41.249,-96.0274,402-909-3698,1170,1050,Helga,Gilchrest
4528b3c9-0d87-4934-845a-76d74eef1b44,Sergent Caffery,Assistant Professor,016 Schurz Trail,Atlanta,GA,30356,United States,33.8913,-84.0746,404-818-0156,1171,1135,Sergent,Caffery
ed37f616-8b13-44b0-854e-7a3577b21bf3,Winfred Duke,VP Quality Control,5008 Talmadge Center,Sacramento,CA,95852,United States,38.6026,-121.4475,916-401-2262,1172,1137,Winfred,Duke
3e8c1f2a-9f35-415f-87fe-3bc085089768,Paten Larway,VP Quality Control,7 Center Avenue,Atlanta,GA,30316,United States,33.7217,-84.3339,404-182-3875,1173,1073,Paten,Larway
7c114611-a2cf-4fe8-b0a8-249c77ffaed6,Viviyan Mullally,Clinical Specialist,112 Hallows Way,Amarillo,TX,79116,United States,35.2454,-101.999,806-469-9729,1174,1066,Viviyan,Mullally
ff7f4a4f-b462-4fb9-85f9-3a722c5f64ef,Carny Furmston,Research Assistant IV,697 Division Way,Denton,TX,76205,United States,33.1903,-97.1282,940-289-7685,1175,1134,Carny,Furmston
40322537-5079-461f-bcaf-f84fb46f7c9c,Valle Fettis,Financial Analyst,971 Kedzie Trail,Saint Petersburg,FL,33731,United States,27.8918,-82.7248,727-826-8933,1176,1144,Valle,Fettis
2b5d5165-d98c-4672-8a94-2acf8f08fc24,Desi Khadir,Product Engineer,2577 Red Cloud Avenue,Springfield,IL,62711,United States,39.7655,-89.7293,217-340-9585,1177,1097,Desi,Khadir
6cd8dcf3-6090-468c-8388-7377d80a1417,Graeme Crombleholme,Registered Nurse,977 Towne Lane,San Antonio,TX,78255,United States,29.6701,-98.6873,210-853-0980,1178,1107,Graeme,Crombleholme
bf85e715-1540-4a78-8137-e1bbd59f0304,Berny Peevor,Geologist III,274 Orin Way,Tacoma,WA,98424,United States,47.2325,-122.3594,253-966-3353,1179,1007,Berny,Peevor
9bf3aace-ffdc-405f-8dfb-3ada5a5e1deb,Beatrix Whicher,VP Marketing,83010 Spohn Crossing,Los Angeles,CA,90040,United States,33.9909,-118.1532,760-873-2438,1180,1027,Beatrix,Whicher
29c23286-6bf0-484f-a173-46516eb87d72,Junina Roddam,Product Engineer,2 Knutson Hill,Monticello,MN,55590,United States,45.2009,-93.8881,763-957-5230,1181,1002,Junina,Roddam
f7815d27-d69e-4fb2-9517-0e8f5abb77c6,Sharyl Pennick,Occupational Therapist,3 Warner Terrace,Austin,TX,78732,United States,30.3752,-97.9007,512-911-8536,1182,1035,Sharyl,Pennick
4fd47968-4f10-4372-8e6c-011536ef5b69,Virge Jillings,Tax Accountant,15582 Cardinal Pass,Cincinnati,OH,45218,United States,39.2663,-84.5221,513-719-5473,1183,1107,Virge,Jillings
ed3bbda8-c88a-47c5-877b-57a2e2c1b695,Hart Millson,Executive Secretary,8218 Marcy Lane,Winston Salem,NC,27157,United States,36.0275,-80.2073,336-552-9181,1184,1122,Hart,Millson
49b6b035-1ab0-4449-8a0d-46cbcc8e7fd3,Margarethe Hincks,Account Coordinator,01 Mccormick Crossing,Gainesville,FL,32610,United States,29.6813,-82.3539,352-928-0079,1185,1106,Margarethe,Hincks
7a85e339-ff8f-4799-93fc-e0cfd1025500,Waylen Pentlow,Payment Adjustment Coordinator,4 Milwaukee Place,Hartford,CT,6183,United States,41.7638,-72.673,860-193-6276,1186,1056,Waylen,Pentlow
498e0eaf-b8e9-42d7-95ff-9e35ff278903,Albie Haydney,Technical Writer,085 Elmside Crossing,Odessa,TX,79764,United States,31.8767,-102.4375,432-303-2663,1187,1136,Albie,Haydney
99054ac6-9bf8-4239-a2f9-6bd8fb0ca7d4,Marietta Norton,Legal Assistant,968 Prairieview Point,Washington,DC,20205,United States,38.905,-77.0162,202-823-2737,1188,1089,Marietta,Norton
3684b561-f795-4503-864a-d91307185f2b,Donall Normanell,Librarian,5865 Sachs Street,Charlotte,NC,28215,United States,35.244,-80.7387,704-220-6410,1189,1001,Donall,Normanell
91f7e6cb-7365-4b05-86cf-a90d536ce78d,Genni Fishe,Quality Engineer,768 Dixon Alley,Sacramento,CA,95838,United States,38.6406,-121.444,916-359-8282,1190,1053,Genni,Fishe
74da8e56-8795-45d4-925b-d31e4f995d62,Dex Bencher,Payment Adjustment Coordinator,31 Northport Center,Macon,GA,31217,United States,32.8118,-83.565,912-301-5147,1191,1135,Dex,Bencher
7a58c6cc-a49a-4a34-8b4f-01c43949097e,Marguerite Wallis,Financial Advisor,806 Sutherland Pass,Seattle,WA,98127,United States,47.6063,-122.3308,206-607-6814,1192,1085,Marguerite,Wallis
73a971eb-4fef-4443-9ef7-de3779e8d116,Gwendolen Godspeede,Business Systems Development Analyst,2 Donald Crossing,Orange,CA,92862,United States,33.7915,-117.714,714-658-7934,1193,1075,Gwendolen,Godspeede
2364fb56-ed87-4c70-9c1b-dcd0a1d04203,Felizio Mortlock,VP Marketing,9 Green Circle,Arlington,VA,22244,United States,38.8545,-77.052,571-714-3727,1194,1024,Felizio,Mortlock
3e388a0d-f1b0-421c-b03c-1565317049ac,Brandyn Goligly,Design Engineer,4970 Spohn Road,Orlando,FL,32859,United States,28.4429,-81.4026,407-730-8623,1195,1049,Brandyn,Goligly
cbd21b0e-c881-4606-8b7f-1fe67ccd8a01,Susette Cristoferi,Health Coach III,0474 Briar Crest Center,Amarillo,TX,79116,United States,35.2454,-101.999,806-918-4355,1196,1000,Susette,Cristoferi
9a3e1853-cbb3-4a63-8b9c-77c23a688fbe,Margarita Gainsborough,Systems Administrator II,7 Helena Point,Los Angeles,CA,90060,United States,33.7866,-118.2987,323-294-5380,1197,1133,Margarita,Gainsborough
fdb7cc70-018f-4c43-ab51-809f9ae969e1,Carlie Hansman,Registered Nurse,868 Kinsman Parkway,Irvine,CA,92710,United States,33.7074,-117.8403,714-783-7840,1198,1040,Carlie,Hansman
4f3dcb1c-6251-49ee-920a-ab2661bf0689,Fairlie Spuner,Staff Accountant I,466 Nevada Place,Tulsa,OK,74103,United States,36.1539,-95.9954,918-879-9566,1199,1013,Fairlie,Spuner
378ec38b-1f62-47fa-8a6b-44d913aebec8,Anni Medway,Environmental Tech,163 Emmet Point,El Paso,TX,88519,United States,31.6948,-106.3,915-919-0397,1200,1043,Anni,Medway
772436ab-b452-4b99-87f3-3bcf33b9961f,Cari Bantock,Electrical Engineer,66 Forest Run Terrace,San Diego,CA,92105,United States,32.7423,-117.0947,619-598-8633,1201,1130,Cari,Bantock
d3aa2ed7-1a2f-427e-b20e-267d30479031,Electra Willcock,Human Resources Assistant IV,07 Thackeray Trail,Washington,DC,20425,United States,38.8933,-77.0146,202-404-3839,1202,1100,Electra,Willcock
e6cba8a7-bca6-4c31-90e8-482d587946a2,Deeann Grishunin,Programmer Analyst III,7 Shelley Trail,Tampa,FL,33620,United States,28.06,-82.4079,813-507-5864,1203,1110,Deeann,Grishunin
979340a3-0a89-417d-b226-cda32e07aca7,Johannah Luckhurst,Community Outreach Specialist,7 Graedel Parkway,Stamford,CT,6912,United States,41.3089,-73.3637,203-560-7257,1204,1037,Johannah,Luckhurst
960c7c16-aa4e-4478-8f35-5700cea15a64,Devora Caulcott,Senior Sales Associate,4 Cordelia Crossing,Philadelphia,PA,19136,United States,40.0422,-75.0244,215-267-6926,1205,1147,Devora,Caulcott
68ccaa39-cdb1-48a9-a066-fed723c0813e,Allistir Yeend,Research Assistant IV,84530 Dwight Place,Richmond,VA,23285,United States,37.5242,-77.4932,804-685-5489,1206,1024,Allistir,Yeend
0f2b00a8-5dce-409d-8c32-a9d01ff0b472,Loree Robe,Sales Associate,63 Oneill Point,Toledo,OH,43699,United States,41.6538,-83.6589,419-969-5595,1207,1041,Loree,Robe
15989ec9-9689-4731-8e6a-796dd0fc8137,Gram Chell,Electrical Engineer,72 Dryden Trail,Phoenix,AZ,85030,United States,33.2765,-112.1872,602-567-2250,1208,1020,Gram,Chell
05fbcf06-5a1f-43ee-98f2-4c866a37d98a,Tarra Bryning,Accounting Assistant II,3906 Cambridge Way,Honolulu,HI,96845,United States,21.3278,-157.8294,808-366-1978,1209,1088,Tarra,Bryning
be8d370d-c48c-4e02-919e-dd74cfac6ec9,Hartwell Lacotte,Staff Scientist,98413 Macpherson Park,Saint Petersburg,FL,33715,United States,27.6705,-82.7119,727-981-8033,1210,1051,Hartwell,Lacotte
70e2d2c3-b279-4dfa-a70b-03f2580b8ff5,Dorette Corrison,Physical Therapy Assistant,3 Bluejay Circle,Buffalo,NY,14205,United States,42.7684,-78.8871,716-373-6393,1211,1114,Dorette,Corrison
54836fa7-363a-4975-897e-bf63f17a1cf5,Gusta Huxley,Biostatistician II,862 Nobel Court,Richmond,VA,23237,United States,37.4011,-77.4615,804-358-2524,1212,1061,Gusta,Huxley
54545dd9-8e7c-4755-aded-5390ce180eac,Roi Saxton,Graphic Designer,39 Spenser Junction,Dallas,TX,75353,United States,32.7673,-96.7776,214-176-3862,1213,1148,Roi,Saxton
058d2f22-ed5c-4abe-a6d2-8f8f77c6ff7d,Janean Poone,Nurse,6 Orin Junction,Las Vegas,NV,89140,United States,36.086,-115.1471,702-888-5411,1214,1076,Janean,Poone
18e49ec4-a39e-4d88-a268-026ad2f86e93,Drud Furtado,Marketing Manager,734 Johnson Crossing,Fresno,CA,93704,United States,36.7991,-119.8016,209-166-3883,1215,1016,Drud,Furtado
e1ab4a32-c6b1-49f3-b9b2-e0a44788f80f,Ynes Buckingham,Sales Associate,752 Warner Point,Louisville,KY,40293,United States,38.189,-85.6768,502-686-7722,1216,1047,Ynes,Buckingham
da59c081-173d-4558-91c5-d85a8b0d88f3,Nata Puttock,Director of Sales,2 Rowland Hill,Norfolk,VA,23551,United States,36.9312,-76.2397,757-377-1674,1217,1116,Nata,Puttock
5575df39-a801-46d3-8c75-32bed9b61706,Oralla Talbot,Quality Control Specialist,385 Kinsman Lane,Cincinnati,OH,45999,United States,39.1668,-84.5382,513-356-9012,1218,1052,Oralla,Talbot
f07691f6-3dd3-4bff-8f4f-968fbb7bb363,Lazarus Dyka,Internal Auditor,6 Melby Plaza,Shreveport,LA,71105,United States,32.4589,-93.7143,318-798-1669,1219,1051,Lazarus,Dyka
9fc5bab0-f0c5-4bdf-a915-98b4efa856f6,Augusto Wharmby,Software Test Engineer III,895 Golf View Crossing,Saint Petersburg,FL,33715,United States,27.6705,-82.7119,727-209-0599,1220,1037,Augusto,Wharmby
2b42e498-3448-43ce-9c20-d9f4cd337020,Kennedy Hare,Tax Accountant,4 Ruskin Crossing,Johnson City,TN,37605,United States,36.3158,-82.3838,423-283-0319,1221,1104,Kennedy,Hare
7b1d2d51-56ea-44fb-817c-2472c95e9341,Alayne Mc Faul,Database Administrator II,7309 Corscot Road,Tampa,FL,33625,United States,28.0726,-82.559,727-342-7128,1222,1040,Alayne,Mc
555dda52-3e5c-4946-971d-9b14f9b59dbd,Gloriane Woliter,VP Quality Control,85 7th Road,El Paso,TX,88579,United States,31.6948,-106.3,915-106-2392,1223,1032,Gloriane,Woliter
8e73c55c-9860-4811-a980-ebb354634964,Bird Marciek,Budget/Accounting Analyst III,42 Mariners Cove Lane,Racine,WI,53405,United States,42.7161,-87.8233,262-285-3523,1224,1042,Bird,Marciek
951eb5e6-f75e-47f5-bb1d-b5a2725ac9c7,Kathy Dorsett,Health Coach I,08390 Muir Lane,Anchorage,AK,99517,United States,61.1901,-149.9361,907-875-6267,1225,1090,Kathy,Dorsett
3b741b47-7ab6-4f2c-932d-3568fc135e33,Fernandina Digwood,Assistant Manager,74757 Sutteridge Pass,Springfield,MA,1129,United States,42.1223,-72.4876,413-344-3731,1226,1136,Fernandina,Digwood
3fc36005-12cb-42c8-8cfc-7dd8ed82f635,Felipe Mauser,Chemical Engineer,649 Ilene Trail,Montpelier,VT,5609,United States,44.2595,-72.585,802-975-6949,1227,1074,Felipe,Mauser
15eae650-256e-4291-9f65-d440040b5692,Abelard Dacca,Administrative Officer,7 Grim Avenue,Philadelphia,PA,19184,United States,40.0018,-75.1179,215-635-7268,1228,1001,Abelard,Dacca
3f89a3ff-c8c5-4de0-ba8e-2f234d5802a3,Lexine McRinn,Financial Advisor,900 Warner Pass,Salt Lake City,UT,84120,United States,40.695,-112.0001,801-613-1439,1229,1114,Lexine,McRinn
a4c01bdc-1478-4663-8c50-93b3de6203a4,Roma Brumble,Human Resources Assistant I,22 Holmberg Park,Schenectady,NY,12305,United States,42.8161,-73.9398,518-527-9500,1230,1055,Roma,Brumble
4598e308-c5cb-4e2c-9d66-8f9a72f6048c,Gale Fellis,Research Nurse,8090 Forster Terrace,Jackson,MS,39210,United States,32.3218,-90.1771,601-271-5804,1231,1018,Gale,Fellis
f517ee22-a48b-4342-8256-9b5cd4e93251,Chiquia Klouz,Account Representative II,1633 Gateway Road,Bronx,NY,10464,United States,40.8469,-73.7874,917-291-6176,1232,1100,Chiquia,Klouz
15058cb1-a687-41dc-8e11-31652f41e680,Gnni Catt,Financial Advisor,5517 Merrick Center,San Francisco,CA,94121,United States,37.7786,-122.4892,858-625-1112,1233,1038,Gnni,Catt
b2c9401c-d045-4619-a2c8-d4a16aa68edd,Darius Britnell,Web Designer III,036 Ruskin Alley,Fort Worth,TX,76110,United States,32.7065,-97.3375,682-211-7785,1234,1071,Darius,Britnell
6487f29a-3196-401c-bf44-89a0409b7d84,Alejoa Leithgoe,Health Coach I,033 Oak Place,Pomona,CA,91797,United States,33.7866,-118.2987,909-855-8530,1235,1015,Alejoa,Leithgoe
82fc2413-3e07-4228-8d03-2f3928cb4f25,Bernetta Buckthought,Civil Engineer,4 Pleasure Hill,Oakland,CA,94622,United States,37.799,-122.2337,510-822-5344,1236,1006,Bernetta,Buckthought
f2376f45-25b5-49db-b71c-7ee440eae3e9,Jo Currer,Database Administrator IV,8 Southridge Point,Gainesville,GA,30506,United States,34.3562,-83.8882,678-946-1642,1237,1140,Jo,Currer
b73f16a3-56dc-4483-a109-816471f2d800,Clint Ambrogio,Research Nurse,91232 Kenwood Alley,Amarillo,TX,79176,United States,35.1885,-101.8165,806-735-3238,1238,1095,Clint,Ambrogio
cc224c8f-57a2-4116-bf63-c246a24d9198,Hatti Rex,Compensation Analyst,4 Loftsgordon Pass,Akron,OH,44305,United States,41.076,-81.4644,330-382-4249,1239,1101,Hatti,Rex
17248db8-ec00-4934-bf2b-36157c3f4515,Elane Kimpton,Legal Assistant,7 Veith Place,New York City,NY,10260,United States,40.7808,-73.9772,212-510-5071,1240,1145,Elane,Kimpton
19a8ac8f-9994-450f-9267-37508c558be9,Morly Brockie,Account Representative II,1806 Dorton Circle,Richmond,VA,23277,United States,37.5535,-77.4604,804-677-3545,1241,1069,Morly,Brockie
03c2a2d2-3250-4e98-acef-a2cb4058e190,Jere Sazio,Senior Financial Analyst,91 Rieder Center,Richmond,CA,94807,United States,37.7772,-121.9554,510-841-3145,1242,1056,Jere,Sazio
540b3ffd-a715-4fc0-937a-7eeccc1d5da8,Ricardo Tanzig,Environmental Tech,3 Lukken Junction,Philadelphia,PA,19109,United States,39.9496,-75.1637,267-194-0710,1243,1101,Ricardo,Tanzig
90e64e50-e9ff-4f94-a873-452755ffb81f,Clementia Dable,Developer I,4643 Duke Parkway,Sacramento,CA,95833,United States,38.6157,-121.5053,916-551-3538,1244,1052,Clementia,Dable
3c2fd432-4faf-40fe-a37a-5bb1f4dd2f6d,Leroi Eastby,Senior Editor,9 Lillian Parkway,Midland,TX,79705,United States,32.0295,-102.0915,432-264-2647,1245,1070,Leroi,Eastby
62448b78-b010-4421-b920-93e03b7dc996,Lena Blaksland,Recruiter,400 Roxbury Alley,Santa Ana,CA,92705,United States,33.754,-117.7919,213-737-8053,1246,1011,Lena,Blaksland
cef34484-1dde-46ad-9a17-9c792161922f,Joletta Reeve,Social Worker,2980 Kennedy Parkway,Greensboro,NC,27404,United States,36.0807,-80.0244,336-350-8351,1247,1108,Joletta,Reeve
1a292bc7-ecc1-4f47-bac0-523be7bef596,Lorianne Alwen,Research Assistant III,9094 Alpine Point,San Antonio,TX,78235,United States,29.3494,-98.4422,210-183-2143,1248,1028,Lorianne,Alwen
ce6b2c56-ac28-4abd-b4ad-b48f525cda44,Delainey Gristwood,Senior Editor,40335 Lakeland Lane,San Francisco,CA,94116,United States,37.7441,-122.4863,415-606-0743,1249,1026,Delainey,Gristwood
d30a5305-b4d5-4b81-b0a2-ad5f17e88545,Yard Hymer,Data Coordiator,2 Granby Terrace,Midland,TX,79705,United States,32.0295,-102.0915,432-158-0971,1250,1030,Yard,Hymer
ca195c99-844e-4f0a-b754-5110bc8a9dcf,Don Prue,Occupational Therapist,47 Hudson Avenue,El Paso,TX,79989,United States,31.6948,-106.3,915-858-0014,1251,1052,Don,Prue
70ae7e7b-e440-4027-8e17-e25e85473cdc,Claude Deyenhardt,Paralegal,45 Hollow Ridge Avenue,Austin,TX,78769,United States,30.3264,-97.7713,512-555-0686,1252,1083,Claude,Deyenhardt
4c8b3126-cd76-4c42-b444-1a9e0de81e8e,Bambi Cawthry,Engineer IV,5169 Holmberg Lane,Fort Worth,TX,76198,United States,32.7714,-97.2915,682-722-8298,1253,1003,Bambi,Cawthry
b9a839b0-e0ce-4045-ba61-ff0ee7d7ca6f,Nelle Gorthy,Nurse Practicioner,758 Lotheville Lane,Philadelphia,PA,19093,United States,40.0018,-75.1179,215-852-3484,1254,1089,Nelle,Gorthy
6f3165bb-ad5f-4c67-ba3a-ccd2635be9c5,Sherri Giotto,Mechanical Systems Engineer,6724 Spenser Street,Salt Lake City,UT,84120,United States,40.695,-112.0001,801-869-1276,1255,1023,Sherri,Giotto
829df2ea-fdf9-4a0f-a096-5164b85a0294,Licha Butters,Marketing Assistant,25294 Prairie Rose Center,Louisville,KY,40256,United States,38.189,-85.6768,502-341-0367,1256,1010,Licha,Butters
a3b5e884-ddbb-4a34-ab8b-572dca074bba,Linoel Stiles,Nurse Practicioner,41470 Emmet Point,Nashville,TN,37220,United States,36.0641,-86.7697,615-888-2444,1257,1051,Linoel,Stiles
bc134b41-667f-4949-a98b-66cad9b4f3bc,Pamelina Errett,Staff Accountant II,7 Talmadge Hill,Boston,MA,2203,United States,42.3615,-71.0604,617-371-3067,1258,1049,Pamelina,Errett
fdea5c32-5dce-4d2d-a27f-1a3ae1c2c928,Guillema Leeke,Research Nurse,85997 New Castle Hill,Portland,ME,4109,United States,43.6783,-70.1987,207-279-4022,1259,1039,Guillema,Leeke
85ad5469-58a4-4a98-a0a5-4fac2be0dd50,Sidnee Last,Data Coordiator,8 American Ash Court,Washington,DC,20425,United States,38.8933,-77.0146,202-968-4191,1260,1028,Sidnee,Last
0ceb48e1-03f0-46ff-9dea-abfef9c54c53,Dee Duffield,Electrical Engineer,695 Gina Center,Rochester,NY,14624,United States,43.1216,-77.7311,585-642-3832,1261,1100,Dee,Duffield
816be781-67ba-4a97-b442-e09a60b3a36e,Axel Hazlewood,Human Resources Assistant II,17604 Eastwood Hill,Gulfport,MS,39505,United States,30.4158,-89.0684,228-468-0385,1262,1050,Axel,Hazlewood
9326e5d0-4e07-46ed-9395-87754c9c7022,Ellery Philipps,VP Product Management,83 Hallows Alley,Houston,TX,77234,United States,29.834,-95.4342,713-141-6800,1263,1055,Ellery,Philipps
df0898fc-9399-400e-be26-8a77fdc2042a,Etan Brookwood,Operator,888 Orin Center,Albany,NY,12222,United States,42.6853,-73.8253,518-568-3065,1264,1106,Etan,Brookwood
8aece1a1-4f70-45d0-bd4f-34ae788a6cb6,Kylie Jeannon,Environmental Specialist,58699 Donald Junction,College Station,TX,77844,United States,30.6521,-96.341,979-533-4413,1265,1078,Kylie,Jeannon
41c0c173-8b99-475a-9e5d-59a5d2e13eb0,Eziechiele Cutriss,Senior Editor,7 Kim Crossing,El Paso,TX,79984,United States,31.6948,-106.3,915-115-0696,1266,1123,Eziechiele,Cutriss
7bff141e-8935-4c64-8c78-9687c7777138,Nat Dewhurst,Media Manager II,35 Orin Lane,Waltham,MA,2453,United States,42.3654,-71.2316,774-944-4325,1267,1085,Nat,Dewhurst
2ea6436e-9be4-4080-a3ea-97a2eb66533d,Brandi Gerrit,Account Representative II,6 Bartelt Trail,Louisville,KY,40280,United States,38.2467,-85.6853,502-981-3302,1268,1117,Brandi,Gerrit
f78120c7-e79d-4993-aa5a-ca6e7d2d0626,Bunny Rannigan,Technical Writer,37302 Eggendart Street,Winston Salem,NC,27105,United States,36.144,-80.2376,336-662-2863,1269,1028,Bunny,Rannigan
051a8c67-234c-476a-ac42-ff0ae1b033c9,Shandie Castelot,Payment Adjustment Coordinator,128 Sunnyside Trail,Seattle,WA,98133,United States,47.7377,-122.3431,206-584-0993,1270,1018,Shandie,Castelot
b224ae85-ba98-4ada-9f04-31c59bb0f793,Franky Betke,Financial Analyst,7604 Lindbergh Circle,Pueblo,CO,81015,United States,38.1286,-104.5523,719-779-6681,1271,1145,Franky,Betke
0a8a9244-04bd-449e-bf28-7e99475cfacc,Horatio Hathaway,Senior Cost Accountant,8 Meadow Ridge Terrace,San Antonio,TX,78291,United States,29.4375,-98.4616,210-576-7086,1272,1001,Horatio,Hathaway
111e0066-ba8a-42ac-b50f-893a0b17506a,Sergei Cerman,Administrative Officer,55 Kensington Parkway,Bismarck,ND,58505,United States,46.8165,-100.7805,701-388-1323,1273,1130,Sergei,Cerman
c545abee-0aec-478e-89d4-5210c1db6c3f,Corrie Gilardi,Sales Representative,596 Northport Drive,Gatesville,TX,76598,United States,31.3902,-97.7993,254-306-5793,1274,1141,Corrie,Gilardi
ba350ac5-8711-48b6-98bd-3b52739a2f16,Reinwald Imason,Marketing Assistant,856 Eagan Place,Naples,FL,34108,United States,26.2416,-81.8071,941-856-6060,1275,1037,Reinwald,Imason
d1d2b5b6-b27d-4350-9b53-daf276307309,Harli Wiggans,Biostatistician IV,05 Golf View Avenue,Salt Lake City,UT,84170,United States,40.6681,-111.9083,801-737-3038,1276,1065,Harli,Wiggans
5ea3cdba-8bfa-4b1e-b103-4c61fa22a37b,Talbert Blanning,Health Coach II,2 Sunbrook Plaza,San Bernardino,CA,92405,United States,34.1446,-117.3013,909-590-7528,1277,1040,Talbert,Blanning
5f33fcc0-7917-4903-be30-440c9e45520c,Miranda Gallant,Software Test Engineer II,4 Lerdahl Center,Denton,TX,76205,United States,33.1903,-97.1282,682-105-9569,1278,1045,Miranda,Gallant
a0dbf479-21e6-480d-b2b9-b9033e2b153a,Isa Reilly,Legal Assistant,10893 Thierer Street,New York City,NY,10090,United States,40.7808,-73.9772,212-995-5476,1279,1080,Isa,Reilly
5457528f-766e-4f16-9b80-44dc1992fd7d,Jaymie Walters,Senior Cost Accountant,82 Schiller Road,New York City,NY,10029,United States,40.7918,-73.9448,646-707-4358,1280,1016,Jaymie,Walters
1c393f86-0135-4c8c-b44d-ff2e7cc88ccb,Yettie Holywell,Actuary,469 Sauthoff Drive,Sarasota,FL,34238,United States,27.2427,-82.4751,941-951-4678,1281,1102,Yettie,Holywell
22855768-84fb-4b13-8bc0-86fa22929299,Karlee Lewsie,Environmental Tech,4173 La Follette Lane,San Antonio,TX,78235,United States,29.3494,-98.4422,210-378-4219,1282,1053,Karlee,Lewsie
b61fef0d-5ed6-4fdc-a347-89b9f7cd9e86,Reba Misselbrook,Recruiter,71 Esker Trail,Columbia,SC,29208,United States,33.9937,-81.0199,803-623-9708,1283,1119,Reba,Misselbrook
b00c2188-75c1-4e44-b833-807b67c29929,Agustin Waghorne,Automation Specialist II,48362 Glendale Circle,Inglewood,CA,90398,United States,33.7866,-118.2987,310-243-2072,1284,1113,Agustin,Waghorne
7b1ffc9b-e873-4b62-8df2-a60b407e65f3,Reena Olyfant,Help Desk Operator,28121 Menomonie Drive,Spokane,WA,99215,United States,47.6536,-117.4317,509-993-7745,1285,1000,Reena,Olyfant
9fbf2d43-2ab4-4863-90ec-fd1741c122e0,Kit Burdge,VP Marketing,65 Shasta Parkway,Albany,NY,12242,United States,42.6149,-73.9708,518-636-6145,1286,1037,Kit,Burdge
1550fd73-0f04-4440-a983-88baedd58d34,Hortensia McCandie,Senior Cost Accountant,66698 Lien Street,Orlando,FL,32819,United States,28.4522,-81.4678,941-418-3980,1287,1068,Hortensia,McCandie
e4cf2aa7-718a-45d2-99bc-53aaab4e2ec6,Brietta Griffen,Librarian,3 Sauthoff Way,Portland,OR,97296,United States,45.5806,-122.3748,503-744-8743,1288,1041,Brietta,Griffen
4b100d5f-0acb-49be-ba52-b3ad7e19af40,Norris Kane,Quality Engineer,125 Moose Way,Raleigh,NC,27621,United States,35.7977,-78.6253,919-421-3280,1289,1135,Norris,Kane
7a2832bd-94b5-4fa5-8f9a-6cb4e4dc370c,Anette Brinsford,Chemical Engineer,17 Badeau Alley,Chattanooga,TN,37450,United States,35.2211,-85.2091,423-347-4042,1290,1066,Anette,Brinsford
d436ec73-6774-428f-9e12-cb1cfa59b4c4,Susie Pykett,Research Associate,004 Paget Drive,Phoenix,AZ,85030,United States,33.2765,-112.1872,602-724-9795,1291,1082,Susie,Pykett
19c72f38-074e-40e5-a81c-011df9c16385,Jehu Walford,Human Resources Assistant II,94054 Westend Avenue,Minneapolis,MN,55458,United States,45.0159,-93.4719,612-230-2769,1292,1098,Jehu,Walford
fb4b0eed-a645-4060-b5ce-4cbf5eb86fe3,Jacinta McIlwaine,Quality Engineer,494 Troy Park,Oakland,CA,94605,United States,37.7641,-122.1633,510-651-5779,1293,1137,Jacinta,McIlwaine
eebd6c4a-63cb-47e1-acf0-b66a218c8834,Jemimah Velte,Chemical Engineer,42074 Lunder Street,Lansing,MI,48901,United States,42.5992,-84.372,517-300-5355,1294,1021,Jemimah,Velte
2aabee5e-525d-48bc-a9a5-631ae9d95ac9,Jodie Watmough,Executive Secretary,99378 Towne Hill,Troy,MI,48098,United States,42.5991,-83.1789,248-128-6823,1295,1124,Jodie,Watmough
efd0cf81-d4e9-4fca-aecc-521470ac6f20,Winona Bridell,Community Outreach Specialist,814 Tennessee Way,Jersey City,NJ,7310,United States,40.7324,-74.0431,551-630-6108,1296,1027,Winona,Bridell
f3cc9097-607c-4b12-8e5c-7efe9ba0a8a2,Cosette Klimashevich,Automation Specialist I,4 Jay Place,Hyattsville,MD,20784,United States,38.9513,-76.8958,301-707-1692,1297,1105,Cosette,Klimashevich
69d8b966-dd60-43d3-ba0a-3b9c685f0822,Dallon Ganter,Senior Cost Accountant,3141 Kim Center,Fresno,CA,93721,United States,36.7377,-119.7843,209-330-2821,1298,1100,Dallon,Ganter
ac437b3c-98d1-4339-8f44-726448bdfaa7,Prentiss Vince,Teacher,1 6th Terrace,Dallas,TX,75342,United States,32.7673,-96.7776,214-353-0849,1299,1104,Prentiss,Vince
